idx,target,base_pred,error_type,taxonomy,dominant_pattern,project,cwe,char_len,yes_vote_count,known_vote_count,func_excerpt,author_no_yes_correct,author_no_yes_pred,base_correct,best_ensemble_correct,best_ensemble_pred,bounds_keyword_count,commit_message,cve_desc,error_handling_keyword_count,func,length_bucket,lifecycle_keyword_count,line_count,memory_api_count,method_pattern,null_keyword_count,old_rag_correct,old_rag_pred,patch_contrast_correct,patch_contrast_pred,positive_weighted_rag_correct,positive_weighted_rag_pred,repair_signal,retrieval_bucket,retrieval_pos_neg_margin_max,retrieval_top1_score,token_len_approx,yes_only_correct,yes_only_pred,zero_shot_correct,zero_shot_pred
391628,0,1,FP,risky_pattern_false_alarm:bounds,bounds,linux,CWE-120,393,3,7,"static ssize_t add_slot_store(struct kobject *kobj, struct kobj_attribute *attr,
			      const char *buf, size_t nbytes)
{
	char drc_name[MAX_DRC_NAME_LEN];
	char *end;
	int rc;

	if (nbytes >= MAX_DRC_NAME_LEN)
		return 0;

	strscpy(drc_name, buf, nbytes + 1);

	end = strchr(drc_name, '\n');
	if (end)
		*end = '\0';

	rc = dlpar_add_slot(drc_name);
	if (rc)
		return rc;

	return nbytes;
}",1,0,0,0,1,4,"PCI: rpadlpar: Fix potential drc_name corruption in store functions

Both add_slot_store() and remove_slot_store() try to fix up the
drc_name copied from the store buffer by placing a NUL terminator at
nbyte + 1 or in place of a '\n' if present. However, the static buffer
that we copy the drc_name data into is not zeroed and can contain
anything past the n-th byte.

This is problematic if a '\n' byte appears in that buffer after nbytes
and the string copied into the store buffer was not NUL terminated to
start with as the strchr() search for a '\n' byte will mark this
incorrectly as the end of the drc_name string resulting in a drc_name
string that contains garbage data after the n-th byte.

Additionally it will cause us to overwrite that '\n' byte on the stack
with NUL, potentially corrupting data on the stack.

The following debugging shows an example of the drmgr utility writing
""PHB 4543"" to the add_slot sysfs attribute, but add_slot_store()
logging a corrupted string value.

  drmgr: drmgr: -c phb -a -s PHB 4543 -d 1
  add_slot_store: drc_name = PHB 4543°|<82>!, rc = -19

Fix this by using strscpy() instead of memcpy() to ensure the string
is NUL terminated when copied into the static drc_name buffer.
Further, since the string is now NUL terminated the code only needs to
change '\n' to '\0' when present.

Cc: stable@vger.kernel.org
Signed-off-by: Tyrel Datwyler <tyreld@linux.ibm.com>
[mpe: Reformat change log and add mention of possible stack corruption]
Signed-off-by: Michael Ellerman <mpe@ellerman.id.au>
Link: https://lore.kernel.org/r/20210315214821.452959-1-tyreld@linux.ibm.com","In drivers/pci/hotplug/rpadlpar_sysfs.c in the Linux kernel through 5.11.8, the RPA PCI Hotplug driver has a user-tolerable buffer overflow when writing a new device name to the driver from userspace, allowing userspace to write data to the kernel stack frame directly. This occurs because add_slot_store and remove_slot_store mishandle drc_name '\0' termination, aka CID-cc7a0bb058b8.",3,"static ssize_t add_slot_store(struct kobject *kobj, struct kobj_attribute *attr,
			      const char *buf, size_t nbytes)
{
	char drc_name[MAX_DRC_NAME_LEN];
	char *end;
	int rc;

	if (nbytes >= MAX_DRC_NAME_LEN)
		return 0;

	strscpy(drc_name, buf, nbytes + 1);

	end = strchr(drc_name, '\n');
	if (end)
		*end = '\0';

	rc = dlpar_add_slot(drc_name);
	if (rc)
		return rc;

	return nbytes;
}",short_<2k,0,22,0,method_disagreement,0,1,0,0,1,0,1,repair_checked_absent_or_irrelevant:added_guard,retrieval_low_margin,9.131431579589844e-05,0.9505347013473511,92,1,0,1,0
242619,0,1,FP,risky_pattern_false_alarm:bounds,bounds,tensorflow,CWE-703,517,3,7,"  void Compute(OpKernelContext* ctx) override {
    Buffer* buf = nullptr;
    OP_REQUIRES_OK(ctx, GetBuffer(ctx, def(), &buf));
    core::ScopedUnref scope(buf);
    Buffer::Tuple tuple;

    buf->Get(&tuple);

    OP_REQUIRES(
        ctx, tuple.size() == (size_t)ctx->num_outputs(),
        errors::InvalidArgument(""Mismatch stage/unstage: "", tuple.size(),
                                "" vs. "", ctx->num_outputs()));

    for (size_t i = 0; i < tuple.size(); ++i) {
      ctx->set_output(i, tuple[i]);
    }
  }",1,0,0,0,1,3,"Fix tf.raw_ops.StagePeek vulnerability with invalid `index`.

Check that input is actually a scalar before treating it as such.

PiperOrigin-RevId: 445524908","TensorFlow is an open source platform for machine learning. Prior to versions 2.9.0, 2.8.1, 2.7.2, and 2.6.4, the implementation of `tf.raw_ops.StagePeek` does not fully validate the input arguments. This results in a `CHECK`-failure which can be used to trigger a denial of service attack. The code assumes `index` is a scalar but there is no validation for this before accessing its value. Versions 2.9.0, 2.8.1, 2.7.2, and 2.6.4 contain a patch for this issue.",1,"  void Compute(OpKernelContext* ctx) override {
    Buffer* buf = nullptr;
    OP_REQUIRES_OK(ctx, GetBuffer(ctx, def(), &buf));
    core::ScopedUnref scope(buf);
    Buffer::Tuple tuple;

    buf->Get(&tuple);

    OP_REQUIRES(
        ctx, tuple.size() == (size_t)ctx->num_outputs(),
        errors::InvalidArgument(""Mismatch stage/unstage: "", tuple.size(),
                                "" vs. "", ctx->num_outputs()));

    for (size_t i = 0; i < tuple.size(); ++i) {
      ctx->set_output(i, tuple[i]);
    }
  }",short_<2k,1,17,0,method_disagreement,1,1,0,1,0,0,1,repair_checked_absent_or_irrelevant:bounds_or_shape_check,retrieval_low_margin,0.0,0.9504944682121277,136,0,1,1,0
462316,0,1,FP,risky_pattern_false_alarm:bounds,bounds,ghostpdl,CWE-787,536,5,7,"pcl_status_read(byte * data, uint max_data, pcl_state_t * pcs)
{
    uint count = min(max_data,
                     pcs->status.write_pos - pcs->status.read_pos);

    if (count)
        memcpy(data, pcs->status.buffer + pcs->status.read_pos, count);
    pcs->status.read_pos += count;
    if (pcs->status.read_pos == pcs->status.write_pos) {
        gs_free_object(pcs->memory, pcs->status.buffer, ""status buffer"");
        pcs->status.buffer = NULL;
        pcs->status.write_pos = pcs->status.read_pos = 0;
    }
    return count;
}",1,0,0,0,1,5,Bug 705156(1): Avoid double free of PCL error buffer,A vulnerability classified as problematic was found in GhostPCL 9.55.0. This vulnerability affects the function chunk_free_object of the file gsmchunk.c. The manipulation with a malicious file leads to a memory corruption. The attack can be initiated remotely but requires user interaction. The exploit has been disclosed to the public as a POC and may be used. It is recommended to apply the patches to fix this issue.,3,"pcl_status_read(byte * data, uint max_data, pcl_state_t * pcs)
{
    uint count = min(max_data,
                     pcs->status.write_pos - pcs->status.read_pos);

    if (count)
        memcpy(data, pcs->status.buffer + pcs->status.read_pos, count);
    pcs->status.read_pos += count;
    if (pcs->status.read_pos == pcs->status.write_pos) {
        gs_free_object(pcs->memory, pcs->status.buffer, ""status buffer"");
        pcs->status.buffer = NULL;
        pcs->status.write_pos = pcs->status.read_pos = 0;
    }
    return count;
}",short_<2k,0,15,1,method_disagreement,1,0,1,0,1,1,0,repair_checked_absent_or_irrelevant:added_guard,retrieval_low_margin,-0.001347959041595459,0.9533783793449402,124,0,1,0,1
224154,0,1,FP,risky_pattern_false_alarm:bounds,bounds,mruby,CWE-476,1318,5,7,"gen_hash(codegen_scope *s, node *tree, int val, int limit)
{
  int slimit = GEN_VAL_STACK_MAX;
  if (cursp() >= GEN_LIT_ARY_MAX) slimit = INT16_MAX;
  int len = 0;
  mrb_bool update = FALSE;

  while (tree) {
    if (nint(tree->car->car->car) == NODE_KW_REST_ARGS) {
      if (val && len > 0) {
        pop_n(len*2);
        if (!update) {
          genop_2(s, OP_HASH, cursp(), len);
        }
        else {
          pop();
          genop_2(s, OP_HASHADD, cursp(), len);
        }
        push();
      }
      codegen(s, tree->car->cdr, val);
      if (val && (len > 0 || update)) {
        pop(); pop();
        genop_1(s, OP_HASHCAT, cursp());
        push();
      }
      update = TRUE;
      len = 0;
    }
    else {
      codegen(s, tree->car->car, val);
      codegen(s, tree->car->cdr, val);
      len++;
    }
    tree = tree->cdr;
    if (val && cursp() >= slimit) {
      pop_n(len*2);
      if (!update) {
        genop_2(s, OP_HASH, cursp(), len);
      }
      else {
        pop();
        genop_2(s, OP_HASHADD, cursp(), len);
      }
      push();
      update = TRUE;
      len = 0;
    }
  }
  if (update) {
    if (val && len > 0) {
      pop_n(len*2+1);
      genop_2(s, OP_HASHADD, cursp(), len);
      push();
    }
    return -1;                  /* variable length */
  }
  return len;
}",1,0,0,0,1,18,codegen.c: fixed a bug in hash code generation with `!val`.,NULL Pointer Dereference in Homebrew mruby prior to 3.2.,2,"gen_hash(codegen_scope *s, node *tree, int val, int limit)
{
  int slimit = GEN_VAL_STACK_MAX;
  if (cursp() >= GEN_LIT_ARY_MAX) slimit = INT16_MAX;
  int len = 0;
  mrb_bool update = FALSE;

  while (tree) {
    if (nint(tree->car->car->car) == NODE_KW_REST_ARGS) {
      if (val && len > 0) {
        pop_n(len*2);
        if (!update) {
          genop_2(s, OP_HASH, cursp(), len);
        }
        else {
          pop();
          genop_2(s, OP_HASHADD, cursp(), len);
        }
        push();
      }
      codegen(s, tree->car->cdr, val);
      if (val && (len > 0 || update)) {
        pop(); pop();
        genop_1(s, OP_HASHCAT, cursp());
        push();
      }
      update = TRUE;
      len = 0;
    }
    else {
      codegen(s, tree->car->car, val);
      codegen(s, tree->car->cdr, val);
      len++;
    }
    tree = tree->cdr;
    if (val && cursp() >= slimit) {
      pop_n(len*2);
      if (!update) {
        genop_2(s, OP_HASH, cursp(), len);
      }
      else {
        pop();
        genop_2(s, OP_HASHADD, cursp(), len);
      }
      push();
      update = TRUE;
      len = 0;
    }
  }
  if (update) {
    if (val && len > 0) {
      pop_n(len*2+1);
      genop_2(s, OP_HASHADD, cursp(), len);
      push();
    }
    return -1;                  /* variable length */
  }
  return len;
}",short_<2k,0,59,0,method_disagreement,0,1,0,0,1,0,1,repair_checked_absent_or_irrelevant:added_guard,retrieval_low_margin,0.0025893449783325195,0.9120312929153442,357,0,1,0,1
448912,0,1,FP,risky_pattern_false_alarm:bounds,bounds,zlib,CWE-787,26047,5,7,"int ZEXPORT inflate(strm, flush)
z_streamp strm;
int flush;
{
    struct inflate_state FAR *state;
    z_const unsigned char FAR *next;    /* next input */
    unsigned char FAR *put;     /* next output */
    unsigned have, left;        /* available input and output */
    unsigned long hold;         /* bit buffer */
    unsigned bits;              /* bits in bit buffer */
    unsigned in, out;           /* save starting available input and output */
    unsigned copy;              /* number of stored or match bytes to copy */
    unsigned char FAR *from;    /* where to copy match bytes from */
    code here;                  /* current decoding table entry */
    code last;                  /* parent table entry */
    unsigned len;               /* length to copy for repeats, bits to drop */
    int ret;                    /* return code */
#ifdef GUNZIP
    unsigned char hbuf[4];      /* buffer for gzip header crc calculation */
#endif
    static const unsigned short order[19] = /* permutation of code lengths */
        {16, 17, 18, 0, 8, 7, 9, 6, 10, 5, 11, 4, 12, 3, 13, 2, 14, 1, 15};

    if (inflateStateCheck(strm) || strm->next_out == Z_NULL ||
        (strm->next_in == Z_NULL && strm->avail_in != 0))
        return Z_STREAM_ERROR;

    state = (struct inflate_state FAR *)strm->state;
    if (state->mode == TYPE) state->mode = TYPEDO;      /* skip check */
    LOAD();
    in = have;
    out = left;
    ret = Z_OK;
    for (;;)
        switch (state->mode) {
        case HEAD:
            if (state->wrap == 0) {
                state->mode = TYPEDO;
                break;
            }
            NEEDBITS(16);
#ifdef GUNZIP
            if ((state->wrap & 2) && hold == 0x8b1f) {  /* gzip header */
                if (state->wbits == 0)
                    state->wbits = 15;
                state->check = crc32(0L, Z_NULL, 0);
                CRC2(state->check, hold);
                INITBITS();
                state->mode = FLAGS;
                break;
            }
            if (state->head != Z_NULL)
                state->head->done = -1;
            if (!(state->wrap & 1) ||   /* check if zlib header allowed */
#else
            if (
#endif
                ((BITS(8) << 8) + (hold >> 8)) % 31) {
                strm->msg = (char *)""incorrect header check"";
                state->mode = BAD;
                break;
            }
            if (BITS(4) != Z_DEFLATED) {
                strm->msg = (char *)""unknown compression method"";
                state->mode = BAD;
                break;
            }
            DROPBITS(4);
            len = BITS(4) + 8;
            if (state->wbits == 0)
                state->wbits = len;
            if (len > 15 || len > state->wbits) {
                strm->msg = (char *)""invalid window size"";
                state->mode = BAD;
                break;
            }
            state->dmax = 1U << len;
            state->flags = 0;               /* indicate zlib header */
            Tracev((stderr, ""inflate:   zlib header ok\n""));
            strm->adler = state->check = adler32(0L, Z_NULL, 0);
            state->mode = hold & 0x200 ? DICTID : TYPE;
            INITBITS();
            break;
#ifdef GUNZIP
        case FLAGS:
            NEEDBITS(16);
            state->flags = (int)(hold);
            if ((state->flags & 0xff) != Z_DEFLATED) {
                strm->msg = (char *)""unknown compression method"";
                state->mode = BAD;
                break;
            }
            if (state->flags & 0xe000) {
                strm->msg = (char *)""unknown header flags set"";
                state->mode = BAD;
                break;
            }
            if (state->head != Z_NULL)
                state->head->text = (int)((hold >> 8) & 1);
            if ((state->flags & 0x0200) && (state->wrap & 4))
                CRC2(state->check, hold);
            INITBITS();
            state->mode = TIME;
                /* fallthrough */
        case TIME:
            NEEDBITS(32);
            if (state->head != Z_NULL)
                state->head->time = hold;
            if ((state->flags & 0x0200) && (state->wrap & 4))
                CRC4(state->check, hold);
            INITBITS();
            state->mode = OS;
                /* fallthrough */
        case OS:
            NEEDBITS(16);
            if (state->head != Z_NULL) {
                state->head->xflags = (int)(hold & 0xff);
                state->head->os = (int)(hold >> 8);
            }
            if ((state->flags & 0x0200) && (state->wrap & 4))
                CRC2(state->check, hold);
            INITBITS();
            state->mode = EXLEN;
                /* fallthrough */
        case EXLEN:
            if (state->flags & 0x0400) {
                NEEDBITS(16);
                state->length = (unsigned)(hold);
                if (state->head != Z_NULL)
                    state->head->extra_len = (unsigned)hold;
                if ((state->flags & 0x0200) && (state->wrap & 4))
                    CRC2(state->check, hold);
                INITBITS();
            }
            else if (state->head != Z_NULL)
                state->head->extra = Z_NULL;
            state->mode = EXTRA;
                /* fallthrough */
        case EXTRA:
            if (state->flags & 0x0400) {
                copy = state->length;
                if (copy > have) copy = have;
                if (copy) {
                    len = state->head->extra_len - state->length;
                    if (state->head != Z_NULL &&
                        state->head->extra != Z_NULL &&
                        len < state->head->extra_max) {
                        zmemcpy(state->head->extra + len, next,
                                len + copy > state->head->extra_max ?
                                state->head->extra_max - len : copy);
                    }
                    if ((state->flags & 0x0200) && (state->wrap & 4))
                        state->check = crc32(state->check, nex
/* ... truncated ... */",0,1,0,0,1,76,"Fix a bug when getting a gzip header extra field with inflate().

If the extra field was larger than the space the user provided with
inflateGetHeader(), and if multiple calls of inflate() delivered
the extra header data, then there could be a buffer overflow of the
provided space. This commit assures that provided space is not
exceeded.","zlib through 1.2.12 has a heap-based buffer over-read or buffer overflow in inflate in inflate.c via a large gzip header extra field. NOTE: only applications that call inflateGetHeader are affected. Some common applications bundle the affected zlib source code but may be unable to call inflateGetHeader (e.g., see the nodejs/node reference).",39,"int ZEXPORT inflate(strm, flush)
z_streamp strm;
int flush;
{
    struct inflate_state FAR *state;
    z_const unsigned char FAR *next;    /* next input */
    unsigned char FAR *put;     /* next output */
    unsigned have, left;        /* available input and output */
    unsigned long hold;         /* bit buffer */
    unsigned bits;              /* bits in bit buffer */
    unsigned in, out;           /* save starting available input and output */
    unsigned copy;              /* number of stored or match bytes to copy */
    unsigned char FAR *from;    /* where to copy match bytes from */
    code here;                  /* current decoding table entry */
    code last;                  /* parent table entry */
    unsigned len;               /* length to copy for repeats, bits to drop */
    int ret;                    /* return code */
#ifdef GUNZIP
    unsigned char hbuf[4];      /* buffer for gzip header crc calculation */
#endif
    static const unsigned short order[19] = /* permutation of code lengths */
        {16, 17, 18, 0, 8, 7, 9, 6, 10, 5, 11, 4, 12, 3, 13, 2, 14, 1, 15};

    if (inflateStateCheck(strm) || strm->next_out == Z_NULL ||
        (strm->next_in == Z_NULL && strm->avail_in != 0))
        return Z_STREAM_ERROR;

    state = (struct inflate_state FAR *)strm->state;
    if (state->mode == TYPE) state->mode = TYPEDO;      /* skip check */
    LOAD();
    in = have;
    out = left;
    ret = Z_OK;
    for (;;)
        switch (state->mode) {
        case HEAD:
            if (state->wrap == 0) {
                state->mode = TYPEDO;
                break;
            }
            NEEDBITS(16);
#ifdef GUNZIP
            if ((state->wrap & 2) && hold == 0x8b1f) {  /* gzip header */
                if (state->wbits == 0)
                    state->wbits = 15;
                state->check = crc32(0L, Z_NULL, 0);
                CRC2(state->check, hold);
                INITBITS();
                state->mode = FLAGS;
                break;
            }
            if (state->head != Z_NULL)
                state->head->done = -1;
            if (!(state->wrap & 1) ||   /* check if zlib header allowed */
#else
            if (
#endif
                ((BITS(8) << 8) + (hold >> 8)) % 31) {
                strm->msg = (char *)""incorrect header check"";
                state->mode = BAD;
                break;
            }
            if (BITS(4) != Z_DEFLATED) {
                strm->msg = (char *)""unknown compression method"";
                state->mode = BAD;
                break;
            }
            DROPBITS(4);
            len = BITS(4) + 8;
            if (state->wbits == 0)
                state->wbits = len;
            if (len > 15 || len > state->wbits) {
                strm->msg = (char *)""invalid window size"";
                state->mode = BAD;
                break;
            }
            state->dmax = 1U << len;
            state->flags = 0;               /* indicate zlib header */
            Tracev((stderr, ""inflate:   zlib header ok\n""));
            strm->adler = state->check = adler32(0L, Z_NULL, 0);
            state->mode = hold & 0x200 ? DICTID : TYPE;
            INITBITS();
            break;
#ifdef GUNZIP
        case FLAGS:
            NEEDBITS(16);
            state->flags = (int)(hold);
            if ((state->flags & 0xff) != Z_DEFLATED) {
                strm->msg = (char *)""unknown compression method"";
                state->mode = BAD;
                break;
            }
            if (state->flags & 0xe000) {
                strm->msg = (char *)""unknown header flags set"";
                state->mode = BAD;
                break;
            }
            if (state->head != Z_NULL)
                state->head->text = (int)((hold >> 8) & 1);
            if ((state->flags & 0x0200) && (state->wrap & 4))
                CRC2(state->check, hold);
            INITBITS();
            state->mode = TIME;
                /* fallthrough */
        case TIME:
            NEEDBITS(32);
            if (state->head != Z_NULL)
                state->head->time = hold;
            if ((state->flags & 0x0200) && (state->wrap & 4))
                CRC4(state->check, hold);
            INITBITS();
            state->mode = OS;
                /* fallthrough */
        case OS:
            NEEDBITS(16);
            if (state->head != Z_NULL) {
                state->head->xflags = (int)(hold & 0xff);
                state->head->os = (int)(hold >> 8);
            }
            if ((state->flags & 0x0200) && (state->wrap & 4))
                CRC2(state->check, hold);
            INITBITS();
            state->mode = EXLEN;
                /* fallthrough */
        case EXLEN:
            if (state->flags & 0x0400) {
                NEEDBITS(16);
                state->length = (unsigned)(hold);
                if (state->head != Z_NULL)
                    state->head->extra_len = (unsigned)hold;
                if ((state->flags & 0x0200) && (state->wrap & 4))
                    CRC2(state->check, hold);
                INITBITS();
            }
            else if (state->head != Z_NULL)
                state->head->extra = Z_NULL;
            state->mode = EXTRA;
                /* fallthrough */
        case EXTRA:
            if (state->flags & 0x0400) {
                copy = state->length;
                if (copy > have) copy = have;
                if (copy) {
                    len = state->head->extra_len - state->length;
                    if (state->head != Z_NULL &&
                        state->head->extra != Z_NULL &&
                        len < state->head->extra_max) {
                        zmemcpy(state->head->extra + len, next,
                                len + copy > state->head->extra_max ?
                                state->head->extra_max - len : copy);
                    }
                    if ((state->flags & 0x0200) && (state->wrap & 4))
                        state->check = crc32(state->check, next, copy);
                    have -= copy;
                    next += copy;
                    state->length -= copy;
                }
                if (state->length) goto inf_leave;
            }
            state->length = 0;
            state->mode = NAME;
                /* fallthrough */
        case NAME:
            if (state->flags & 0x0800) {
                if (have == 0) goto inf_leave;
                copy = 0;
                do {
                    len = (unsigned)(next[copy++]);
                    if (state->head != Z_NULL &&
                            state->head->name != Z_NULL &&
                            state->length < state->head->name_max)
                        state->head->name[state->length++] = (Bytef)len;
                } while (len && copy < have);
                if ((state->flags & 0x0200) && (state->wrap & 4))
                    state->check = crc32(state->check, next, copy);
                have -= copy;
                next += copy;
                if (len) goto inf_leave;
            }
            else if (state->head != Z_NULL)
                state->head->name = Z_NULL;
            state->length = 0;
            state->mode = COMMENT;
                /* fallthrough */
        case COMMENT:
            if (state->flags & 0x1000) {
                if (have == 0) goto inf_leave;
                copy = 0;
                do {
                    len = (unsigned)(next[copy++]);
                    if (state->head != Z_NULL &&
                            state->head->comment != Z_NULL &&
                            state->length < state->head->comm_max)
                        state->head->comment[state->length++] = (Bytef)len;
                } while (len && copy < have);
                if ((state->flags & 0x0200) && (state->wrap & 4))
                    state->check = crc32(state->check, next, copy);
                have -= copy;
                next += copy;
                if (len) goto inf_leave;
            }
            else if (state->head != Z_NULL)
                state->head->comment = Z_NULL;
            state->mode = HCRC;
                /* fallthrough */
        case HCRC:
            if (state->flags & 0x0200) {
                NEEDBITS(16);
                if ((state->wrap & 4) && hold != (state->check & 0xffff)) {
                    strm->msg = (char *)""header crc mismatch"";
                    state->mode = BAD;
                    break;
                }
                INITBITS();
            }
            if (state->head != Z_NULL) {
                state->head->hcrc = (int)((state->flags >> 9) & 1);
                state->head->done = 1;
            }
            strm->adler = state->check = crc32(0L, Z_NULL, 0);
            state->mode = TYPE;
            break;
#endif
        case DICTID:
            NEEDBITS(32);
            strm->adler = state->check = ZSWAP32(hold);
            INITBITS();
            state->mode = DICT;
                /* fallthrough */
        case DICT:
            if (state->havedict == 0) {
                RESTORE();
                return Z_NEED_DICT;
            }
            strm->adler = state->check = adler32(0L, Z_NULL, 0);
            state->mode = TYPE;
                /* fallthrough */
        case TYPE:
            if (flush == Z_BLOCK || flush == Z_TREES) goto inf_leave;
                /* fallthrough */
        case TYPEDO:
            if (state->last) {
                BYTEBITS();
                state->mode = CHECK;
                break;
            }
            NEEDBITS(3);
            state->last = BITS(1);
            DROPBITS(1);
            switch (BITS(2)) {
            case 0:                             /* stored block */
                Tracev((stderr, ""inflate:     stored block%s\n"",
                        state->last ? "" (last)"" : """"));
                state->mode = STORED;
                break;
            case 1:                             /* fixed block */
                fixedtables(state);
                Tracev((stderr, ""inflate:     fixed codes block%s\n"",
                        state->last ? "" (last)"" : """"));
                state->mode = LEN_;             /* decode codes */
                if (flush == Z_TREES) {
                    DROPBITS(2);
                    goto inf_leave;
                }
                break;
            case 2:                             /* dynamic block */
                Tracev((stderr, ""inflate:     dynamic codes block%s\n"",
                        state->last ? "" (last)"" : """"));
                state->mode = TABLE;
                break;
            case 3:
                strm->msg = (char *)""invalid block type"";
                state->mode = BAD;
            }
            DROPBITS(2);
            break;
        case STORED:
            BYTEBITS();                         /* go to byte boundary */
            NEEDBITS(32);
            if ((hold & 0xffff) != ((hold >> 16) ^ 0xffff)) {
                strm->msg = (char *)""invalid stored block lengths"";
                state->mode = BAD;
                break;
            }
            state->length = (unsigned)hold & 0xffff;
            Tracev((stderr, ""inflate:       stored length %u\n"",
                    state->length));
            INITBITS();
            state->mode = COPY_;
            if (flush == Z_TREES) goto inf_leave;
                /* fallthrough */
        case COPY_:
            state->mode = COPY;
                /* fallthrough */
        case COPY:
            copy = state->length;
            if (copy) {
                if (copy > have) copy = have;
                if (copy > left) copy = left;
                if (copy == 0) goto inf_leave;
                zmemcpy(put, next, copy);
                have -= copy;
                next += copy;
                left -= copy;
                put += copy;
                state->length -= copy;
                break;
            }
            Tracev((stderr, ""inflate:       stored end\n""));
            state->mode = TYPE;
            break;
        case TABLE:
            NEEDBITS(14);
            state->nlen = BITS(5) + 257;
            DROPBITS(5);
            state->ndist = BITS(5) + 1;
            DROPBITS(5);
            state->ncode = BITS(4) + 4;
            DROPBITS(4);
#ifndef PKZIP_BUG_WORKAROUND
            if (state->nlen > 286 || state->ndist > 30) {
                strm->msg = (char *)""too many length or distance symbols"";
                state->mode = BAD;
                break;
            }
#endif
            Tracev((stderr, ""inflate:       table sizes ok\n""));
            state->have = 0;
            state->mode = LENLENS;
                /* fallthrough */
        case LENLENS:
            while (state->have < state->ncode) {
                NEEDBITS(3);
                state->lens[order[state->have++]] = (unsigned short)BITS(3);
                DROPBITS(3);
            }
            while (state->have < 19)
                state->lens[order[state->have++]] = 0;
            state->next = state->codes;
            state->lencode = (const code FAR *)(state->next);
            state->lenbits = 7;
            ret = inflate_table(CODES, state->lens, 19, &(state->next),
                                &(state->lenbits), state->work);
            if (ret) {
                strm->msg = (char *)""invalid code lengths set"";
                state->mode = BAD;
                break;
            }
            Tracev((stderr, ""inflate:       code lengths ok\n""));
            state->have = 0;
            state->mode = CODELENS;
                /* fallthrough */
        case CODELENS:
            while (state->have < state->nlen + state->ndist) {
                for (;;) {
                    here = state->lencode[BITS(state->lenbits)];
                    if ((unsigned)(here.bits) <= bits) break;
                    PULLBYTE();
                }
                if (here.val < 16) {
                    DROPBITS(here.bits);
                    state->lens[state->have++] = here.val;
                }
                else {
                    if (here.val == 16) {
                        NEEDBITS(here.bits + 2);
                        DROPBITS(here.bits);
                        if (state->have == 0) {
                            strm->msg = (char *)""invalid bit length repeat"";
                            state->mode = BAD;
                            break;
                        }
                        len = state->lens[state->have - 1];
                        copy = 3 + BITS(2);
                        DROPBITS(2);
                    }
                    else if (here.val == 17) {
                        NEEDBITS(here.bits + 3);
                        DROPBITS(here.bits);
                        len = 0;
                        copy = 3 + BITS(3);
                        DROPBITS(3);
                    }
                    else {
                        NEEDBITS(here.bits + 7);
                        DROPBITS(here.bits);
                        len = 0;
                        copy = 11 + BITS(7);
                        DROPBITS(7);
                    }
                    if (state->have + copy > state->nlen + state->ndist) {
                        strm->msg = (char *)""invalid bit length repeat"";
                        state->mode = BAD;
                        break;
                    }
                    while (copy--)
                        state->lens[state->have++] = (unsigned short)len;
                }
            }

            /* handle error breaks in while */
            if (state->mode == BAD) break;

            /* check for end-of-block code (better have one) */
            if (state->lens[256] == 0) {
                strm->msg = (char *)""invalid code -- missing end-of-block"";
                state->mode = BAD;
                break;
            }

            /* build code tables -- note: do not change the lenbits or distbits
               values here (9 and 6) without reading the comments in inftrees.h
               concerning the ENOUGH constants, which depend on those values */
            state->next = state->codes;
            state->lencode = (const code FAR *)(state->next);
            state->lenbits = 9;
            ret = inflate_table(LENS, state->lens, state->nlen, &(state->next),
                                &(state->lenbits), state->work);
            if (ret) {
                strm->msg = (char *)""invalid literal/lengths set"";
                state->mode = BAD;
                break;
            }
            state->distcode = (const code FAR *)(state->next);
            state->distbits = 6;
            ret = inflate_table(DISTS, state->lens + state->nlen, state->ndist,
                            &(state->next), &(state->distbits), state->work);
            if (ret) {
                strm->msg = (char *)""invalid distances set"";
                state->mode = BAD;
                break;
            }
            Tracev((stderr, ""inflate:       codes ok\n""));
            state->mode = LEN_;
            if (flush == Z_TREES) goto inf_leave;
                /* fallthrough */
        case LEN_:
            state->mode = LEN;
                /* fallthrough */
        case LEN:
            if (have >= 6 && left >= 258) {
                RESTORE();
                inflate_fast(strm, out);
                LOAD();
                if (state->mode == TYPE)
                    state->back = -1;
                break;
            }
            state->back = 0;
            for (;;) {
                here = state->lencode[BITS(state->lenbits)];
                if ((unsigned)(here.bits) <= bits) break;
                PULLBYTE();
            }
            if (here.op && (here.op & 0xf0) == 0) {
                last = here;
                for (;;) {
                    here = state->lencode[last.val +
                            (BITS(last.bits + last.op) >> last.bits)];
                    if ((unsigned)(last.bits + here.bits) <= bits) break;
                    PULLBYTE();
                }
                DROPBITS(last.bits);
                state->back += last.bits;
            }
            DROPBITS(here.bits);
            state->back += here.bits;
            state->length = (unsigned)here.val;
            if ((int)(here.op) == 0) {
                Tracevv((stderr, here.val >= 0x20 && here.val < 0x7f ?
                        ""inflate:         literal '%c'\n"" :
                        ""inflate:         literal 0x%02x\n"", here.val));
                state->mode = LIT;
                break;
            }
            if (here.op & 32) {
                Tracevv((stderr, ""inflate:         end of block\n""));
                state->back = -1;
                state->mode = TYPE;
                break;
            }
            if (here.op & 64) {
                strm->msg = (char *)""invalid literal/length code"";
                state->mode = BAD;
                break;
            }
            state->extra = (unsigned)(here.op) & 15;
            state->mode = LENEXT;
                /* fallthrough */
        case LENEXT:
            if (state->extra) {
                NEEDBITS(state->extra);
                state->length += BITS(state->extra);
                DROPBITS(state->extra);
                state->back += state->extra;
            }
            Tracevv((stderr, ""inflate:         length %u\n"", state->length));
            state->was = state->length;
            state->mode = DIST;
                /* fallthrough */
        case DIST:
            for (;;) {
                here = state->distcode[BITS(state->distbits)];
                if ((unsigned)(here.bits) <= bits) break;
                PULLBYTE();
            }
            if ((here.op & 0xf0) == 0) {
                last = here;
                for (;;) {
                    here = state->distcode[last.val +
                            (BITS(last.bits + last.op) >> last.bits)];
                    if ((unsigned)(last.bits + here.bits) <= bits) break;
                    PULLBYTE();
                }
                DROPBITS(last.bits);
                state->back += last.bits;
            }
            DROPBITS(here.bits);
            state->back += here.bits;
            if (here.op & 64) {
                strm->msg = (char *)""invalid distance code"";
                state->mode = BAD;
                break;
            }
            state->offset = (unsigned)here.val;
            state->extra = (unsigned)(here.op) & 15;
            state->mode = DISTEXT;
                /* fallthrough */
        case DISTEXT:
            if (state->extra) {
                NEEDBITS(state->extra);
                state->offset += BITS(state->extra);
                DROPBITS(state->extra);
                state->back += state->extra;
            }
#ifdef INFLATE_STRICT
            if (state->offset > state->dmax) {
                strm->msg = (char *)""invalid distance too far back"";
                state->mode = BAD;
                break;
            }
#endif
            Tracevv((stderr, ""inflate:         distance %u\n"", state->offset));
            state->mode = MATCH;
                /* fallthrough */
        case MATCH:
            if (left == 0) goto inf_leave;
            copy = out - left;
            if (state->offset > copy) {         /* copy from window */
                copy = state->offset - copy;
                if (copy > state->whave) {
                    if (state->sane) {
                        strm->msg = (char *)""invalid distance too far back"";
                        state->mode = BAD;
                        break;
                    }
#ifdef INFLATE_ALLOW_INVALID_DISTANCE_TOOFAR_ARRR
                    Trace((stderr, ""inflate.c too far\n""));
                    copy -= state->whave;
                    if (copy > state->length) copy = state->length;
                    if (copy > left) copy = left;
                    left -= copy;
                    state->length -= copy;
                    do {
                        *put++ = 0;
                    } while (--copy);
                    if (state->length == 0) state->mode = LEN;
                    break;
#endif
                }
                if (copy > state->wnext) {
                    copy -= state->wnext;
                    from = state->window + (state->wsize - copy);
                }
                else
                    from = state->window + (state->wnext - copy);
                if (copy > state->length) copy = state->length;
            }
            else {                              /* copy from output */
                from = put - state->offset;
                copy = state->length;
            }
            if (copy > left) copy = left;
            left -= copy;
            state->length -= copy;
            do {
                *put++ = *from++;
            } while (--copy);
            if (state->length == 0) state->mode = LEN;
            break;
        case LIT:
            if (left == 0) goto inf_leave;
            *put++ = (unsigned char)(state->length);
            left--;
            state->mode = LEN;
            break;
        case CHECK:
            if (state->wrap) {
                NEEDBITS(32);
                out -= left;
                strm->total_out += out;
                state->total += out;
                if ((state->wrap & 4) && out)
                    strm->adler = state->check =
                        UPDATE_CHECK(state->check, put - out, out);
                out = left;
                if ((state->wrap & 4) && (
#ifdef GUNZIP
                     state->flags ? hold :
#endif
                     ZSWAP32(hold)) != state->check) {
                    strm->msg = (char *)""incorrect data check"";
                    state->mode = BAD;
                    break;
                }
                INITBITS();
                Tracev((stderr, ""inflate:   check matches trailer\n""));
            }
#ifdef GUNZIP
            state->mode = LENGTH;
                /* fallthrough */
        case LENGTH:
            if (state->wrap && state->flags) {
                NEEDBITS(32);
                if ((state->wrap & 4) && hold != (state->total & 0xffffffff)) {
                    strm->msg = (char *)""incorrect length check"";
                    state->mode = BAD;
                    break;
                }
                INITBITS();
                Tracev((stderr, ""inflate:   length matches trailer\n""));
            }
#endif
            state->mode = DONE;
                /* fallthrough */
        case DONE:
            ret = Z_STREAM_END;
            goto inf_leave;
        case BAD:
            ret = Z_DATA_ERROR;
            goto inf_leave;
        case MEM:
            return Z_MEM_ERROR;
        case SYNC:
                /* fallthrough */
        default:
            return Z_STREAM_ERROR;
        }

    /*
       Return from inflate(), updating the total counts and the check value.
       If there was no progress during the inflate() call, return a buffer
       error.  Call updatewindow() to create and/or update the window state.
       Note: a memory error from inflate() is non-recoverable.
     */
  inf_leave:
    RESTORE();
    if (state->wsize || (out != strm->avail_out && state->mode < BAD &&
            (state->mode < CHECK || flush != Z_FINISH)))
        if (updatewindow(strm, strm->next_out, out - strm->avail_out)) {
            state->mode = MEM;
            return Z_MEM_ERROR;
        }
    in -= strm->avail_in;
    out -= strm->avail_out;
    strm->total_in += in;
    strm->total_out += out;
    state->total += out;
    if ((state->wrap & 4) && out)
        strm->adler = state->check =
            UPDATE_CHECK(state->check, strm->next_out - out, out);
    strm->data_type = (int)state->bits + (state->last ? 64 : 0) +
                      (state->mode == TYPE ? 128 : 0) +
                      (state->mode == LEN_ || state->mode == COPY_ ? 256 : 0);
    if (((in == 0 && out == 0) || flush == Z_FINISH) && ret == Z_OK)
        ret = Z_BUF_ERROR;
    return ret;
}",very_long_10k_plus,8,678,0,method_disagreement,0,0,1,1,0,0,1,repair_checked_absent_or_irrelevant:added_guard,retrieval_pos_margin,0.010508298873901367,0.9383311867713928,5111,1,0,0,1
233862,0,1,FP,risky_pattern_false_alarm:bounds,bounds,deark,CWE-369,1471,5,7,"void fmtutil_macbitmap_read_pixmap_only_fields(deark *c, dbuf *f, struct fmtutil_macbitmap_info *bi,
	i64 pos)
{
	i64 pixmap_version;
	i64 pack_size;
	i64 plane_bytes;
	i64 n;

	de_dbg(c, ""additional PixMap header fields, at %d"", (int)pos);
	de_dbg_indent(c, 1);

	pixmap_version = dbuf_getu16be(f, pos+0);
	de_dbg(c, ""pixmap version: %d"", (int)pixmap_version);

	bi->packing_type = dbuf_getu16be(f, pos+2);
	de_dbg(c, ""packing type: %d"", (int)bi->packing_type);

	pack_size = dbuf_getu32be(f, pos+4);
	de_dbg(c, ""pixel data length: %d"", (int)pack_size);

	bi->hdpi = pict_read_fixed(f, pos+8);
	bi->vdpi = pict_read_fixed(f, pos+12);
	de_dbg(c, ""dpi: %.2f""DE_CHAR_TIMES""%.2f"", bi->hdpi, bi->vdpi);

	bi->pixeltype = dbuf_getu16be(f, pos+16);
	bi->pixelsize = dbuf_getu16be(f, pos+18);
	bi->cmpcount = dbuf_getu16be(f, pos+20);
	bi->cmpsize = dbuf_getu16be(f, pos+22);
	de_dbg(c, ""pixel type=%d, bits/pixel=%d, components/pixel=%d, bits/comp=%d"",
		(int)bi->pixeltype, (int)bi->pixelsize, (int)bi->cmpcount, (int)bi->cmpsize);

	if(bi->pixelsize>0) {
		bi->pdwidth = (bi->rowbytes*8)/bi->pixelsize;
	}
	if(bi->pdwidth < bi->npwidth) {
		bi->pdwidth = bi->npwidth;
	}

	plane_bytes = dbuf_getu32be(f, pos+24);
	de_dbg(c, ""plane bytes: %d"", (int)plane_bytes);

	bi->pmTable = (u32)dbuf_getu32be(f, pos+28);
	de_dbg(c, ""pmTable: 0x%08x"", (unsigned int)bi->pmTable);

	n = dbuf_getu32be(f, pos+32);
	de_dbg(c, ""pmReserved: 0x%08x"", (unsigned int)n);

	de_dbg_indent(c, -1);
}",0,1,0,0,1,1,"pict,macrsrc: Fixed a bug that could cause division by 0

Found by F. Çelik.","In Deark before v1.5.8, a specially crafted input file can cause a division by zero in (src/fmtutil.c) because of the value of pixelsize.",0,"void fmtutil_macbitmap_read_pixmap_only_fields(deark *c, dbuf *f, struct fmtutil_macbitmap_info *bi,
	i64 pos)
{
	i64 pixmap_version;
	i64 pack_size;
	i64 plane_bytes;
	i64 n;

	de_dbg(c, ""additional PixMap header fields, at %d"", (int)pos);
	de_dbg_indent(c, 1);

	pixmap_version = dbuf_getu16be(f, pos+0);
	de_dbg(c, ""pixmap version: %d"", (int)pixmap_version);

	bi->packing_type = dbuf_getu16be(f, pos+2);
	de_dbg(c, ""packing type: %d"", (int)bi->packing_type);

	pack_size = dbuf_getu32be(f, pos+4);
	de_dbg(c, ""pixel data length: %d"", (int)pack_size);

	bi->hdpi = pict_read_fixed(f, pos+8);
	bi->vdpi = pict_read_fixed(f, pos+12);
	de_dbg(c, ""dpi: %.2f""DE_CHAR_TIMES""%.2f"", bi->hdpi, bi->vdpi);

	bi->pixeltype = dbuf_getu16be(f, pos+16);
	bi->pixelsize = dbuf_getu16be(f, pos+18);
	bi->cmpcount = dbuf_getu16be(f, pos+20);
	bi->cmpsize = dbuf_getu16be(f, pos+22);
	de_dbg(c, ""pixel type=%d, bits/pixel=%d, components/pixel=%d, bits/comp=%d"",
		(int)bi->pixeltype, (int)bi->pixelsize, (int)bi->cmpcount, (int)bi->cmpsize);

	if(bi->pixelsize>0) {
		bi->pdwidth = (bi->rowbytes*8)/bi->pixelsize;
	}
	if(bi->pdwidth < bi->npwidth) {
		bi->pdwidth = bi->npwidth;
	}

	plane_bytes = dbuf_getu32be(f, pos+24);
	de_dbg(c, ""plane bytes: %d"", (int)plane_bytes);

	bi->pmTable = (u32)dbuf_getu32be(f, pos+28);
	de_dbg(c, ""pmTable: 0x%08x"", (unsigned int)bi->pmTable);

	n = dbuf_getu32be(f, pos+32);
	de_dbg(c, ""pmReserved: 0x%08x"", (unsigned int)n);

	de_dbg_indent(c, -1);
}",short_<2k,0,49,0,method_disagreement,0,0,1,1,0,1,0,repair_checked_absent_or_irrelevant:added_guard,retrieval_low_margin,0.0006301999092102051,0.9487913846969604,456,0,1,0,1
513202,0,1,FP,risky_pattern_false_alarm:bounds,bounds,server,CWE-416,435,4,7,"static void fix_dl_name(MEM_ROOT *root, LEX_STRING *dl)
{
  const size_t so_ext_len= sizeof(SO_EXT) - 1;
  if (dl->length < so_ext_len ||
      my_strcasecmp(&my_charset_latin1, dl->str + dl->length - so_ext_len,
                    SO_EXT))
  {
    char *s= (char*)alloc_root(root, dl->length + so_ext_len + 1);
    memcpy(s, dl->str, dl->length);
    strcpy(s + dl->length, SO_EXT);
    dl->str= s;
    dl->length+= so_ext_len;
  }
}",1,0,0,0,1,7,MDEV-26323 use-after-poison issue of MariaDB server,"MariaDB Server v10.6 and below was discovered to contain an use-after-free in the component my_strcasecmp_8bit, which is exploited via specially crafted SQL statements.",0,"static void fix_dl_name(MEM_ROOT *root, LEX_STRING *dl)
{
  const size_t so_ext_len= sizeof(SO_EXT) - 1;
  if (dl->length < so_ext_len ||
      my_strcasecmp(&my_charset_latin1, dl->str + dl->length - so_ext_len,
                    SO_EXT))
  {
    char *s= (char*)alloc_root(root, dl->length + so_ext_len + 1);
    memcpy(s, dl->str, dl->length);
    strcpy(s + dl->length, SO_EXT);
    dl->str= s;
    dl->length+= so_ext_len;
  }
}",short_<2k,0,14,1,method_disagreement,0,0,1,0,1,1,0,repair_checked_absent_or_irrelevant:added_guard,retrieval_low_margin,-0.003479301929473877,0.9570538401603699,112,1,0,0,1
391627,0,1,FP,risky_pattern_false_alarm:bounds,bounds,linux,CWE-120,400,2,7,"static ssize_t remove_slot_store(struct kobject *kobj,
				 struct kobj_attribute *attr,
				 const char *buf, size_t nbytes)
{
	char drc_name[MAX_DRC_NAME_LEN];
	int rc;
	char *end;

	if (nbytes >= MAX_DRC_NAME_LEN)
		return 0;

	strscpy(drc_name, buf, nbytes + 1);

	end = strchr(drc_name, '\n');
	if (end)
		*end = '\0';

	rc = dlpar_remove_slot(drc_name);
	if (rc)
		return rc;

	return nbytes;
}",1,0,0,0,1,4,"PCI: rpadlpar: Fix potential drc_name corruption in store functions

Both add_slot_store() and remove_slot_store() try to fix up the
drc_name copied from the store buffer by placing a NUL terminator at
nbyte + 1 or in place of a '\n' if present. However, the static buffer
that we copy the drc_name data into is not zeroed and can contain
anything past the n-th byte.

This is problematic if a '\n' byte appears in that buffer after nbytes
and the string copied into the store buffer was not NUL terminated to
start with as the strchr() search for a '\n' byte will mark this
incorrectly as the end of the drc_name string resulting in a drc_name
string that contains garbage data after the n-th byte.

Additionally it will cause us to overwrite that '\n' byte on the stack
with NUL, potentially corrupting data on the stack.

The following debugging shows an example of the drmgr utility writing
""PHB 4543"" to the add_slot sysfs attribute, but add_slot_store()
logging a corrupted string value.

  drmgr: drmgr: -c phb -a -s PHB 4543 -d 1
  add_slot_store: drc_name = PHB 4543°|<82>!, rc = -19

Fix this by using strscpy() instead of memcpy() to ensure the string
is NUL terminated when copied into the static drc_name buffer.
Further, since the string is now NUL terminated the code only needs to
change '\n' to '\0' when present.

Cc: stable@vger.kernel.org
Signed-off-by: Tyrel Datwyler <tyreld@linux.ibm.com>
[mpe: Reformat change log and add mention of possible stack corruption]
Signed-off-by: Michael Ellerman <mpe@ellerman.id.au>
Link: https://lore.kernel.org/r/20210315214821.452959-1-tyreld@linux.ibm.com","In drivers/pci/hotplug/rpadlpar_sysfs.c in the Linux kernel through 5.11.8, the RPA PCI Hotplug driver has a user-tolerable buffer overflow when writing a new device name to the driver from userspace, allowing userspace to write data to the kernel stack frame directly. This occurs because add_slot_store and remove_slot_store mishandle drc_name '\0' termination, aka CID-cc7a0bb058b8.",3,"static ssize_t remove_slot_store(struct kobject *kobj,
				 struct kobj_attribute *attr,
				 const char *buf, size_t nbytes)
{
	char drc_name[MAX_DRC_NAME_LEN];
	int rc;
	char *end;

	if (nbytes >= MAX_DRC_NAME_LEN)
		return 0;

	strscpy(drc_name, buf, nbytes + 1);

	end = strchr(drc_name, '\n');
	if (end)
		*end = '\0';

	rc = dlpar_remove_slot(drc_name);
	if (rc)
		return rc;

	return nbytes;
}",short_<2k,0,23,0,method_disagreement,0,1,0,1,0,1,0,repair_checked_absent_or_irrelevant:added_guard,retrieval_low_margin,0.0002548694610595703,0.9494621157646179,92,1,0,0,1
271526,0,1,FP,risky_pattern_false_alarm:bounds,bounds,tensorflow,CWE-369,4881,5,7,"void ReshapeSparseTensor(OpKernelContext *context,
                         const Tensor &input_indices_in,
                         const Tensor &input_shape_in,
                         const Tensor &target_shape_in, int output_indices_idx,
                         int output_shape_idx) {
  OP_REQUIRES(context, TensorShapeUtils::IsMatrix(input_indices_in.shape()),
              errors::InvalidArgument(
                  ""Input indices should be a matrix but received shape "",
                  input_indices_in.shape().DebugString()));
  OP_REQUIRES(context, TensorShapeUtils::IsVector(input_shape_in.shape()),
              errors::InvalidArgument(
                  ""Input shape should be a vector but received shape "",
                  input_shape_in.shape().DebugString()));
  OP_REQUIRES(context, TensorShapeUtils::IsVector(target_shape_in.shape()),
              errors::InvalidArgument(
                  ""Target shape should be a vector but received shape "",
                  target_shape_in.shape().DebugString()));

  const int64_t output_rank = target_shape_in.NumElements();
  const TensorShape input_shape(input_shape_in.vec<int64>());
  const int64_t dense_size = input_shape.num_elements();
  const int64_t nnz = input_indices_in.shape().dim_size(0);

  // Compute the output shape. Determine product of specified dimensions, and
  // find the index of the unspecified one.
  TensorShape output_shape;
  int64_t product = 1;
  int unknown_index = -1;
  auto target_shape = target_shape_in.vec<int64>();
  for (int d = 0; d < output_rank; ++d) {
    const int64_t size = target_shape(d);
    if (size == -1) {
      OP_REQUIRES(
          context, unknown_index == -1,
          errors::InvalidArgument(""only one output dimension may be -1, ""
                                  ""not both "",
                                  unknown_index, "" and "", d));
      unknown_index = d;
      output_shape.AddDim(1);
    } else {
      OP_REQUIRES(context, size >= 0,
                  errors::InvalidArgument(""size "", d,
                                          "" must be non-negative, not "", size));
      product *= size;
      output_shape.AddDim(size);
    }
  }
  if (unknown_index != -1) {
    OP_REQUIRES(
        context, product > 0,
        errors::InvalidArgument(""reshape cannot infer the missing ""
                                ""input size for an empty tensor unless all ""
                                ""specified input sizes are non-zero""));
    const int64_t missing = dense_size / product;
    OP_REQUIRES(
        context, product * missing == dense_size,
        errors::InvalidArgument(
            ""Input to reshape is a SparseTensor with "", dense_size,
            "" dense values, but the requested shape requires a multiple of "",
            product, "". input_shape="", input_shape.DebugString(),
            "" output_shape="", output_shape.DebugString()));
    output_shape.set_dim(unknown_index, missing);
  }

  OP_REQUIRES(
      context, output_shape.num_elements() == dense_size,
      errors::InvalidArgument(""Input to reshape is a tensor with "", dense_size,
                              "" dense values, but the requested shape has "",
                              output_shape.num_elements(),
                              "". input_shape="", input_shape.DebugString(),
                              "" output_shape="", output_shape.DebugString()));

  // Optimize for reshaping to the same shape.
  if (input_shape == output_shape) {
    context->set_output(output_indices_idx, input_indices_in);
    context->set_output(output_shape_idx, input_shape_in);
    return;
  }

  Tensor *result_shape = nullptr;
  OP_REQUIRES_OK(context, context->allocate_output(output_shape_idx,
                                                   TensorShape({output_rank}),
                                                   &result_shape));
  auto output_shape_vec = result_shape->vec<int64>();
  for (int j = 0; j < output_shape.dims(); ++j) {
    output_shape_vec(j) = output_shape.dim_size(j);
  }

  Tensor *result_indices = nullptr;
  OP_REQUIRES_OK(context,
                 context->allocate_output(output_indices_idx,
                                          TensorShape({nnz, output_rank}),
                                          &result_indices));
  if (nnz > 0) {
    OP_REQUIRES(
        context, dense_size > 0 && product > 0,
        errors::InvalidArgument(
            ""Input tensor has "", nnz, "" non zero elements but input shape ("",
            input_shape.DebugString(), "") or output shape ("",
            output_shape.DebugString(), "") is empty""));
    OP_REQUIRES_OK(context, functor::ReshapeSparseTensorFunctor<Device>()(
                                context, input_shape, output_shape,
                                input_indices_in.matrix<int64>(),
                                result_indices->matrix<int64>()));
  }
}",0,1,0,0,1,9,"Don't do any work when reshaping 0 elements sparse tensor.

If reshaping to 0 elements tensor, check that input has no elements.
If reshaping no elements input, check that output has no elements.

PiperOrigin-RevId: 388296986
Change-Id: Iadc9fe7252e14313ca987e69bf0d7042fd10232a","TensorFlow is an end-to-end open source platform for machine learning. In affected versions the implementation of `tf.raw_ops.SparseReshape` can be made to trigger an integral division by 0 exception. The [implementation](https://github.com/tensorflow/tensorflow/blob/8d72537c6abf5a44103b57b9c2e22c14f5f49698/tensorflow/core/kernels/reshape_util.cc#L176-L181) calls the reshaping functor whenever there is at least an index in the input but does not check that shape of the input or the target shape have both a non-zero number of elements. The [reshape functor](https://github.com/tensorflow/tensorflow/blob/8d72537c6abf5a44103b57b9c2e22c14f5f49698/tensorflow/core/kernels/reshape_util.cc#L40-L78) blindly divides by the dimensions of the target shape. Hence, if this is not checked, code will result in a division by 0. We have patched the issue in GitHub commit 4923de56ec94fff7770df259ab7f2288a74feb41. The fix will be included in TensorFlow 2.6.0. We will also cherrypick this commit on TensorFlow 2.5.1 as this is the other affected version.",3,"void ReshapeSparseTensor(OpKernelContext *context,
                         const Tensor &input_indices_in,
                         const Tensor &input_shape_in,
                         const Tensor &target_shape_in, int output_indices_idx,
                         int output_shape_idx) {
  OP_REQUIRES(context, TensorShapeUtils::IsMatrix(input_indices_in.shape()),
              errors::InvalidArgument(
                  ""Input indices should be a matrix but received shape "",
                  input_indices_in.shape().DebugString()));
  OP_REQUIRES(context, TensorShapeUtils::IsVector(input_shape_in.shape()),
              errors::InvalidArgument(
                  ""Input shape should be a vector but received shape "",
                  input_shape_in.shape().DebugString()));
  OP_REQUIRES(context, TensorShapeUtils::IsVector(target_shape_in.shape()),
              errors::InvalidArgument(
                  ""Target shape should be a vector but received shape "",
                  target_shape_in.shape().DebugString()));

  const int64_t output_rank = target_shape_in.NumElements();
  const TensorShape input_shape(input_shape_in.vec<int64>());
  const int64_t dense_size = input_shape.num_elements();
  const int64_t nnz = input_indices_in.shape().dim_size(0);

  // Compute the output shape. Determine product of specified dimensions, and
  // find the index of the unspecified one.
  TensorShape output_shape;
  int64_t product = 1;
  int unknown_index = -1;
  auto target_shape = target_shape_in.vec<int64>();
  for (int d = 0; d < output_rank; ++d) {
    const int64_t size = target_shape(d);
    if (size == -1) {
      OP_REQUIRES(
          context, unknown_index == -1,
          errors::InvalidArgument(""only one output dimension may be -1, ""
                                  ""not both "",
                                  unknown_index, "" and "", d));
      unknown_index = d;
      output_shape.AddDim(1);
    } else {
      OP_REQUIRES(context, size >= 0,
                  errors::InvalidArgument(""size "", d,
                                          "" must be non-negative, not "", size));
      product *= size;
      output_shape.AddDim(size);
    }
  }
  if (unknown_index != -1) {
    OP_REQUIRES(
        context, product > 0,
        errors::InvalidArgument(""reshape cannot infer the missing ""
                                ""input size for an empty tensor unless all ""
                                ""specified input sizes are non-zero""));
    const int64_t missing = dense_size / product;
    OP_REQUIRES(
        context, product * missing == dense_size,
        errors::InvalidArgument(
            ""Input to reshape is a SparseTensor with "", dense_size,
            "" dense values, but the requested shape requires a multiple of "",
            product, "". input_shape="", input_shape.DebugString(),
            "" output_shape="", output_shape.DebugString()));
    output_shape.set_dim(unknown_index, missing);
  }

  OP_REQUIRES(
      context, output_shape.num_elements() == dense_size,
      errors::InvalidArgument(""Input to reshape is a tensor with "", dense_size,
                              "" dense values, but the requested shape has "",
                              output_shape.num_elements(),
                              "". input_shape="", input_shape.DebugString(),
                              "" output_shape="", output_shape.DebugString()));

  // Optimize for reshaping to the same shape.
  if (input_shape == output_shape) {
    context->set_output(output_indices_idx, input_indices_in);
    context->set_output(output_shape_idx, input_shape_in);
    return;
  }

  Tensor *result_shape = nullptr;
  OP_REQUIRES_OK(context, context->allocate_output(output_shape_idx,
                                                   TensorShape({output_rank}),
                                                   &result_shape));
  auto output_shape_vec = result_shape->vec<int64>();
  for (int j = 0; j < output_shape.dims(); ++j) {
    output_shape_vec(j) = output_shape.dim_size(j);
  }

  Tensor *result_indices = nullptr;
  OP_REQUIRES_OK(context,
                 context->allocate_output(output_indices_idx,
                                          TensorShape({nnz, output_rank}),
                                          &result_indices));
  if (nnz > 0) {
    OP_REQUIRES(
        context, dense_size > 0 && product > 0,
        errors::InvalidArgument(
            ""Input tensor has "", nnz, "" non zero elements but input shape ("",
            input_shape.DebugString(), "") or output shape ("",
            output_shape.DebugString(), "") is empty""));
    OP_REQUIRES_OK(context, functor::ReshapeSparseTensorFunctor<Device>()(
                                context, input_shape, output_shape,
                                input_indices_in.matrix<int64>(),
                                result_indices->matrix<int64>()));
  }
}",medium_2k_5k,0,106,0,method_disagreement,2,1,0,0,1,1,0,repair_checked_absent_or_irrelevant:bounds_or_shape_check,retrieval_low_margin,0.003368377685546875,0.9606647491455078,812,0,1,0,1
259619,0,1,FP,risky_pattern_false_alarm:bounds,bounds,libjpeg,CWE-787,1217,3,7,"void HierarchicalBitmapRequester::PrepareForEncoding(void)
{
#if ACCUSOFT_CODE
  
  BuildCommon();

  if (m_ppEncodingMCU == NULL) {
    m_ppEncodingMCU = (struct Line **)m_pEnviron->AllocMem(sizeof(struct Line *) * m_ucCount *8);
    memset(m_ppEncodingMCU,0,sizeof(struct Line *) * m_ucCount * 8);
  }
  
  if (m_ppDownsampler == NULL) {
    m_ppDownsampler = (class DownsamplerBase **)m_pEnviron->AllocMem(sizeof(class DownsamplerBase *) * m_ucCount);
    memset(m_ppDownsampler,0,sizeof(class DownsamplerBase *) * m_ucCount);
    
    for(UBYTE i = 0;i < m_ucCount;i++) {
      class Component *comp = m_pFrame->ComponentOf(i);
      UBYTE sx = comp->SubXOf();
      UBYTE sy = comp->SubYOf();

      if (sx > 1 || sy > 1) {
        m_ppDownsampler[i] = DownsamplerBase::CreateDownsampler(m_pEnviron,sx,sy,
                                                                m_ulPixelWidth,m_ulPixelHeight,
                                                                m_pFrame->TablesOf()->
                                                                isDownsamplingInterpolated());
        m_bSubsampling     = true;
      }
    }
  }

  if (m_pLargestScale)
    m_pLargestScale->PrepareForEncoding();
#endif
}",1,0,0,0,1,4,"The code now checks for consistency of the MCU sizes across
hierarchical levels, and fails in case they are different.",libjpeg 1.63 has a heap-based buffer over-read in HierarchicalBitmapRequester::FetchRegion in hierarchicalbitmaprequester.cpp because the MCU size can be different between allocation and use.,4,"void HierarchicalBitmapRequester::PrepareForEncoding(void)
{
#if ACCUSOFT_CODE
  
  BuildCommon();

  if (m_ppEncodingMCU == NULL) {
    m_ppEncodingMCU = (struct Line **)m_pEnviron->AllocMem(sizeof(struct Line *) * m_ucCount *8);
    memset(m_ppEncodingMCU,0,sizeof(struct Line *) * m_ucCount * 8);
  }
  
  if (m_ppDownsampler == NULL) {
    m_ppDownsampler = (class DownsamplerBase **)m_pEnviron->AllocMem(sizeof(class DownsamplerBase *) * m_ucCount);
    memset(m_ppDownsampler,0,sizeof(class DownsamplerBase *) * m_ucCount);
    
    for(UBYTE i = 0;i < m_ucCount;i++) {
      class Component *comp = m_pFrame->ComponentOf(i);
      UBYTE sx = comp->SubXOf();
      UBYTE sy = comp->SubYOf();

      if (sx > 1 || sy > 1) {
        m_ppDownsampler[i] = DownsamplerBase::CreateDownsampler(m_pEnviron,sx,sy,
                                                                m_ulPixelWidth,m_ulPixelHeight,
                                                                m_pFrame->TablesOf()->
                                                                isDownsamplingInterpolated());
        m_bSubsampling     = true;
      }
    }
  }

  if (m_pLargestScale)
    m_pLargestScale->PrepareForEncoding();
#endif
}",short_<2k,0,34,2,method_disagreement,2,1,0,1,0,1,0,repair_checked_absent_or_irrelevant:bounds_or_shape_check,retrieval_low_margin,0.004355490207672119,0.9436853528022766,218,0,1,0,1
